eo657uf,1558311737.0,toohuman_io,MachineLearning,AAMAS
eoc9rjn,1558455093.0,po-handz,MachineLearning,BERT
eo6mhne,1558322640.0,Simusid,MachineLearning,CAM
epmfwr3,1559312590.0,schmook,MachineLearning,OBAMA
epm05wl,1559306292.0,gohu_cd,MachineLearning,SOTA
epmif9e,1559313520.0,Yuli-Ban,MachineLearning,CNN
eplw05c,1559304549.0,arXiv_abstract_bot,MachineLearning,PDF
epnjegy,1559328402.0,Electricvid,MachineLearning,GPT
epn9665,1559323648.0,tidier,MachineLearning,IMO
epnovcd,1559330864.0,farmingvillein,MachineLearning,GPT
epmkgch,1559314221.0,sorrge,MachineLearning,GPT
epmqzbo,1559316441.0,sorrge,MachineLearning,AGI
epnzeww,1559335905.0,thatguydr,MachineLearning,THIS
epnwedh,1559334510.0,vintermann,MachineLearning,GPT
epmko2w,1559314294.0,Valiox,MachineLearning,GPT
epmvfa5,1559317921.0,Yuli-Ban,MachineLearning,AGI
epmwrv5,1559318381.0,svantana,MachineLearning,AGI
epncey4,1559325179.0,sorrge,MachineLearning,AGI
epn5bys,1559321664.0,sorrge,MachineLearning,CNN
epnizc7,1559328208.0,Yuli-Ban,MachineLearning,GPT
epo0vb1,1559336555.0,sorrge,MachineLearning,AGI
epnlhsf,1559329345.0,gwern,MachineLearning,GAN
epoe06z,1559342752.0,shoeblade,MachineLearning,VRN
